{
  "runs": [
    {
      "model_name": "random_forest",
      "accuracy": 0.8786204837264855,
      "balanced_accuracy": 0.8573076068172011,
      "precision_weighted": 0.8797895479104246,
      "recall_weighted": 0.8786204837264855,
      "f1_weighted": 0.8790556120554435,
      "precision_macro": 0.8541545575560366,
      "recall_macro": 0.8573076068172011,
      "f1_macro": 0.8555994247124952,
      "precision_micro": 0.8786204837264855,
      "recall_micro": 0.8786204837264855,
      "f1_micro": 0.8786204837264855,
      "per_class": {
        "a": {
          "precision": 0.8383233532934131,
          "recall": 0.8567931456548348,
          "f1-score": 0.847457627118644,
          "support": 817.0
        },
        "b": {
          "precision": 0.7697283311772316,
          "recall": 0.7541191381495564,
          "f1-score": 0.7618437900128041,
          "support": 789.0
        },
        "c": {
          "precision": 0.8338848444738584,
          "recall": 0.8507765023632681,
          "f1-score": 0.8422459893048129,
          "support": 1481.0
        },
        "d": {
          "precision": 0.854420731707317,
          "recall": 0.8792156862745099,
          "f1-score": 0.8666408967916506,
          "support": 1275.0
        },
        "e": {
          "precision": 0.9744155271283634,
          "recall": 0.9456335616438356,
          "f1-score": 0.9598088203345644,
          "support": 2336.0
        }
      },
      "confusion_matrix": [
        [
          700,
          91,
          20,
          6,
          0
        ],
        [
          83,
          595,
          105,
          4,
          2
        ],
        [
          43,
          61,
          1260,
          100,
          17
        ],
        [
          9,
          22,
          84,
          1121,
          39
        ],
        [
          0,
          4,
          42,
          81,
          2209
        ]
      ],
      "labels": [
        "a",
        "b",
        "c",
        "d",
        "e"
      ],
      "roc_auc_macro_ovr": 0.9834037542376421,
      "cv_accuracy_mean": 0.8471207071438922,
      "cv_accuracy_std": 0.009171301907263646
    }
  ]
}